Wall time,Step,Value
1718344653.2539775,4158,9.24899959564209
1718345316.079627,8317,8.194000244140625
1718345976.8079896,12476,7.833000183105469
1718346636.9268866,16635,7.638999938964844
1718347349.1103854,20794,7.525000095367432
