Wall time,Step,Value
1718313345.414072,4157,8.802000045776367
1718314071.593436,8316,8.057000160217285
1718314792.714676,12475,7.645999908447266
1718315515.731734,16634,7.303999900817871
1718316213.2879288,20793,7.103000164031982
